User,Address,USD Ext,USD Int,Balance,Gain,Loss,
158,0xc43f587c7434ac09b0ae999f6e2f94e7f505b0e3,$593.32,$0.00,$593.32,0,593,-$593.32
277,0x11211705f28f14517d791f509d058cf74b9fb720,$742.00,$302.08,$439.92,0,440,-$439.92
172,0xe91e063ac7e9f921ee8a54c91be05172c8f06ec9,$335.90,$72.66,$263.24,0,263,-$263.24
107,0xaedd675607520b203a0216e38f3b5b440b8d901c,$248.32,$0.00,$248.32,0,248,-$248.32
193,0xa10997473c58274cf47f581fe61d56c3cb30a678,$99.46,$0.00,$99.46,0,99,-$99.46
282,0xd250a3985cc0ce2054027479ce280ae88e150af0,$87.80,$0.00,$87.80,0,88,-$87.80
150,0x7002427859f0d743e27019d2d05a6cd344fc5213,$57.17,$0.00,$57.17,0,57,-$57.17
278,0x6cebfb928f09afea77a627fbc716f446b0d2f667,$51.99,$0.00,$51.99,0,52,-$51.99
171,0xd7bdd310f6e63c336911183e3d833154513b9195,$51.91,$0.00,$51.91,0,52,-$51.91
31,0x26a114a4419316998cd099062c44d386366e8050,$50.79,$0.00,$50.79,0,51,-$50.79
99,0xbe1f4a662fbd97cb87fc4b89ab933b42389f550d,$43.24,$0.00,$43.24,0,43,-$43.24
96,0x8261d5f607e2b4488b52141032dc081e16e061da,$98.95,$55.76,$43.20,0,43,-$43.20
98,0xafd7f90da4302b143612d44034e8a5e8c2fd2c0d,$40.93,$0.00,$40.93,0,41,-$40.93
24,0xfc676e987e5f6df0b1fd1bfd4f71a7e947da670b,$37.02,$0.00,$37.02,0,37,-$37.02
261,0x51d3709a8f6a926352aafadf662b83772465f801,$30.95,$0.00,$30.95,0,31,-$30.95
299,0x91a4149a2c7b1b3a67ea28aff34725e0bf8d7524,$30.95,$0.00,$30.95,0,31,-$30.95
46,0x52c6b42c37818ee7d562b52396685710b19801ec,$29.34,$0.00,$29.34,0,29,-$29.34
66,0x0dc9e1e8b5ab0fa6fff5a0dcccf3c11e9dedf014,$29.16,$0.00,$29.16,0,29,-$29.16
298,0xb5ce8286f594340350eb9160121dcab021b53603,$26.31,$0.00,$26.31,0,26,-$26.31
236,0xc00a1532e00e1199b141e1b2007ee97496198912,$25.76,$0.00,$25.76,0,26,-$25.76
167,0x3067ae0e3e300747d97b1e8659b84063dd31f7c3,$25.40,$0.00,$25.40,0,25,-$25.40
228,0xf9f6689e2935a4b9d08ea6809a58f95eb616626e,$24.68,$0.00,$24.68,0,25,-$24.68
251,0x3ea3c04f05bf8e1b824077c004de87c7767dbeec,$27.43,$4.43,$23.00,0,23,-$23.00
3,0xcd2680717261f91439e1ff42c8a0fdc0364700cb,$21.76,$0.00,$21.76,0,22,-$21.76
88,0x0331e6d23b19ef53f348075255816b6bcbd9da1e,$59.10,$38.15,$20.95,0,21,-$20.95
65,0xbe1f2ac71a9703275a4d3ea01a340f378c931740,$26.72,$7.08,$19.64,0,20,-$19.64
240,0x35d657dac2291fb84e9e07fb03d08253aaea0541,$19.41,$0.00,$19.41,0,19,-$19.41
34,0xc168a39a8068c42a650e944ebfab87bfa4b1434b,$19.22,$0.00,$19.22,0,19,-$19.22
239,0x2aea6d8cade3664962c2072ef33607bd64f3aeec,$18.64,$0.00,$18.64,0,19,-$18.64
64,0x412b8ff70dc878764256365cd6030189f8fdd794,$18.46,$0.00,$18.46,0,18,-$18.46
229,0xae0e7c986cbb7492645919b7a21a5e78ccde8f71,$17.80,$0.00,$17.80,0,18,-$17.80
90,0x0d04ddb175bdb2838b18a5b9f84952345e5fb87e,$17.72,$0.00,$17.72,0,18,-$17.72
69,0x27fd4b19cb8376d219661b0f20eafba34d39cc5e,$17.60,$0.00,$17.60,0,18,-$17.60
95,0xf38019e9834d25914ce1c607cfc69475d4b1b794,$17.54,$0.00,$17.54,0,18,-$17.54
73,0x041d601452f80039aa3c7290b6c9d2a42dd4744f,$15.65,$0.00,$15.65,0,16,-$15.65
246,0xf9da1908cc2280578b2639e3a4576dc77624868b,$15.65,$0.00,$15.65,0,16,-$15.65
265,0x30b9a85755d75b250f36909f8d8ab8e3bcc3e8b0,$15.60,$0.00,$15.60,0,16,-$15.60
264,0x3ada0235001b0aa73bddafbf0c1a7bbdf8386646,$14.45,$0.00,$14.45,0,14,-$14.45
89,0xcb3e0ca6ad5126030eb9493f20336fe47e803616,$14.44,$0.00,$14.44,0,14,-$14.44
106,0x6ad2e919d9d57a82958e8684c7c613b7dddee490,$14.17,$0.00,$14.17,0,14,-$14.17
132,0x126b5759b4358f0186568e48ef5cd65b5679d102,$14.17,$0.00,$14.17,0,14,-$14.17
134,0xa917dc82165e53367c0366367b501aec7105bb89,$14.17,$0.00,$14.17,0,14,-$14.17
252,0x3884a3e02b7e32642b564587f05ec1ac270560f0,$14.17,$0.00,$14.17,0,14,-$14.17
302,0x41dd29c9bd7253d38b08d70abac6e810c8292d55,$14.17,$0.00,$14.17,0,14,-$14.17
75,0x604bdd22082d5e3a90c29a69f49b86b5e302cab7,$14.11,$0.00,$14.11,0,14,-$14.11
118,0xaea61a07ee0283952be14aac6d8855d771412658,$13.98,$0.00,$13.98,0,14,-$13.98
61,0x615ca3735edd3a76310dac6f8e0ceaa0c0d5e4b5,$13.55,$0.00,$13.55,0,14,-$13.55
169,0x1677e264405ca841e6e5ff0c0e821c4991d6cf2a,$13.51,$0.00,$13.51,0,14,-$13.51
189,0x14ff8fdcc750493beb3081803f859088d569fe25,$13.51,$0.00,$13.51,0,14,-$13.51
191,0x2221ae9928172107d610ae8bd6bc76a95009cd23,$13.51,$0.00,$13.51,0,14,-$13.51
327,0xb7def8776f171d4593723c6306614caf594f795b,$13.51,$0.00,$13.51,0,14,-$13.51
275,0x7d38c9d5f806e25422e75412ea9209c2a5a919ec,$13.02,$0.00,$13.02,0,13,-$13.02
315,0x310a59b5443cf2c9707cdadca0c170d177cf184e,$13.02,$0.00,$13.02,0,13,-$13.02
180,0x7e5015babb915d10ecdbfe49c110d4281ec8dcc5,$12.95,$0.00,$12.95,0,13,-$12.95
29,0xbb55b4470d45067ba287f6ddc54da913fe666e8b,$12.88,$0.00,$12.88,0,13,-$12.88
111,0x0ffdc0f71dc2aa4b8394097fe225d616ccef9be2,$12.82,$0.00,$12.82,0,13,-$12.82
15,0xf7e76b7362cd6f2e1a2614b9ff5e38a0f754a501,$12.70,$0.00,$12.70,0,13,-$12.70
93,0xa1681738dd4d847da8b8bf35ea9335a1680ca8df,$12.70,$0.00,$12.70,0,13,-$12.70
147,0x366798e218451958bb1a1abe19fb138ef71baa41,$12.57,$0.00,$12.57,0,13,-$12.57
202,0x24f13deadf1c355b77868be9d9d2d97695214d06,$12.57,$0.00,$12.57,0,13,-$12.57
168,0xc85321257521d7e296d16197032188dbc61f84ac,$12.31,$0.00,$12.31,0,12,-$12.31
310,0x6ed88e197d6a875fea59a07c0bb1a035f0e84b4e,$12.31,$0.00,$12.31,0,12,-$12.31
23,0xfd5ff05cb15b2e8cddd0e96912a5dee8044b9374,$12.11,$0.00,$12.11,0,12,-$12.11
55,0x2243c249d140ac2048b6c6fe26c5d82fa93aed27,$11.91,$0.00,$11.91,0,12,-$11.91
79,0x26e0c2bb74ad5623115decf76ae81fe21bee0d48,$11.91,$0.00,$11.91,0,12,-$11.91
233,0xeb27e888263fe8b2bdec351addadce7b98b4ed1f,$11.91,$0.00,$11.91,0,12,-$11.91
76,0x1d4dad868292bfe796dc7bfa364ef1eef07ed061,$11.80,$0.00,$11.80,0,12,-$11.80
238,0xe466d6e2daca0be1dd804c5ed6fce5379d0d6669,$23.38,$11.69,$11.69,0,12,-$11.69
267,0x3bb78d3623f2e4ec4cad3f72d5889bb93d510b01,$11.66,$0.00,$11.66,0,12,-$11.66
213,0xd0095f46e49f8770fe728ab2fb6e7c60f27f870b,$11.64,$0.00,$11.64,0,12,-$11.64
312,0xa951be235a8c9199d0bbe147e4678d817f31b2b2,$11.58,$0.00,$11.58,0,12,-$11.58
39,0xd317892e2db9bb456d2b3b2ccdff8f7e63bf70e6,$11.55,$0.00,$11.55,0,12,-$11.55
63,0x1812572010a43a5284653fa965f4f31eff382a23,$34.65,$23.10,$11.55,0,12,-$11.55
206,0x475ace67cd7cc00668238c0a9839f0de7f2b7fe0,$11.48,$0.00,$11.48,0,11,-$11.48
28,0x65a09cbb996742c83c51e704964ac1aa0bf11339,$11.43,$0.00,$11.43,0,11,-$11.43
166,0x109976ec334c241e2554a46dcbfadd0021fae342,$11.30,$0.00,$11.30,0,11,-$11.30
129,0x4ba01382fa7d204a69320dd9ef947b6cba5eb946,$11.27,$0.00,$11.27,0,11,-$11.27
144,0xfd48ebbfa24cbafedbb2525f9827d92e369ea414,$11.27,$0.00,$11.27,0,11,-$11.27
184,0xa46b7974f4f43af50e9c4795251303d7066ed67f,$11.27,$0.00,$11.27,0,11,-$11.27
114,0x11f6f55cc1face40512b07df8b92e4993f35dd19,$11.26,$0.00,$11.26,0,11,-$11.26
173,0xeb81b8e66b2e4a9768924c5cb63445b91b0108c7,$11.22,$0.00,$11.22,0,11,-$11.22
271,0xaf1ea7e4588224ef56e8eb9f4ac3aa76c6774a13,$11.22,$0.00,$11.22,0,11,-$11.22
316,0xb3c3e20312ded30a651ce746cde0534dc0433604,$11.09,$0.00,$11.09,0,11,-$11.09
128,0xb16cc50ec5d9d200ee5adb633fd702d78563e508,$11.02,$0.00,$11.02,0,11,-$11.02
260,0x2eff8279a7cf8c58f7262a7bd4557b7768e7d47f,$11.02,$0.00,$11.02,0,11,-$11.02
287,0xf4a888324ab1cfdf1ee9b1c4f271c259e9b9fb62,$11.02,$0.00,$11.02,0,11,-$11.02
21,0xc1c92c70ff719ef4ab7762283160e72f9b81ff3d,$10.96,$0.00,$10.96,0,11,-$10.96
67,0x30fab7dc42345904051621166a0369a2ee9aa7d1,$10.96,$0.00,$10.96,0,11,-$10.96
146,0xe29231bdeedf88fd5be163f98e1d4bf9608d7898,$10.96,$0.00,$10.96,0,11,-$10.96
148,0xda2beaa43bc1f9e122f6b9f8925fa2c9324a43ef,$10.88,$0.00,$10.88,0,11,-$10.88
281,0x2420bf33679c3c3241282c041cdcd56fece29cb9,$10.88,$0.00,$10.88,0,11,-$10.88
244,0x7f3e6c60bc9ab8be802b892934dc3a8849c35055,$10.70,$0.00,$10.70,0,11,-$10.70
276,0x2edd12085fd05c990f9dbd74b152c8d5bb8d2aa8,$10.67,$0.00,$10.67,0,11,-$10.67
125,0x81c19f8c313b88e0e0dffe8ebfa15b3e361432b3,$10.42,$0.00,$10.42,0,10,-$10.42
253,0xfc6f92f1c60cf9316d86cc33228907e7855b5f0a,$10.42,$0.00,$10.42,0,10,-$10.42
50,0x71b0ade0f4976c4c6690554231dc6d437d5e3560,$10.41,$0.00,$10.41,0,10,-$10.41
87,0x5b3bddaa5a3e14a31be29070dea47603ab030269,$10.41,$0.00,$10.41,0,10,-$10.41
283,0x417beec8a935207cb7a87fe929266b16aab951a7,$10.40,$0.00,$10.40,0,10,-$10.40
255,0xe60c6154c3a2f3e9ca9032f5c044da34ea84c4a7,$10.12,$0.00,$10.12,0,10,-$10.12
68,0x655d6631871b852ebc6b0359e7f40b86912eed88,$10.11,$0.00,$10.11,0,10,-$10.11
74,0x8e4ca43628e53c8540fc54b25e2acb8be5f86e5f,$10.11,$0.00,$10.11,0,10,-$10.11
155,0x0fd13007da54162afad661ebe26716cd182cc3d6,$10.11,$0.00,$10.11,0,10,-$10.11
175,0x321cfd79a56fb709d9e4280f790d6cada0950b14,$10.10,$0.00,$10.10,0,10,-$10.10
151,0x6e5d5bb27ccd49ecf2e0010595be8667722135f1,$10.00,$0.00,$10.00,0,10,-$10.00
181,0xba4b8bbc68a2e92bf6847cac60b0f6729c68ed24,$10.00,$0.00,$10.00,0,10,-$10.00
321,0x360f4ea7effa200c9eab27ad115be2aa616144fd,$10.00,$0.00,$10.00,0,10,-$10.00
9,0xb45e9a03da7432f3aa39027629242b0eb320187b,$9.74,$0.00,$9.74,0,10,-$9.74
81,0xbd4073a0d55cfe1d58dcb1643da1d53a7382c3f7,$9.74,$0.00,$9.74,0,10,-$9.74
245,0x88aa96de94e51d1d00001988e6865c3f49bbe34b,$9.66,$0.00,$9.66,0,10,-$9.66
145,0x389b4950318896f0268cbd97bd985efc88172e44,$9.58,$0.00,$9.58,0,10,-$9.58
304,0xa43d2b0aad0aebf2a06be7b6d344f82dda2406a8,$9.50,$0.00,$9.50,0,10,-$9.50
30,0x25d0668e2c0011220223e4bc311c242117c3d5a0,$9.48,$0.00,$9.48,0,9,-$9.48
314,0x30248d58e414b20fed3a6c482b59d9d8f5a4b7e2,$9.48,$0.00,$9.48,0,9,-$9.48
226,0x9ff86d2aae69f02a71ebf6366a88e61e2311d966,$9.43,$0.00,$9.43,0,9,-$9.43
57,0x8cd0d7f75f84826a69820ba02843730b47712751,$9.39,$0.00,$9.39,0,9,-$9.39
7,0x502a8a5b6115255ac47f8af1e475a6049a578d88,$9.30,$0.00,$9.30,0,9,-$9.30
52,0xb2a2b8b9100b096648d39ac10c54f2bb4c970f00,$9.07,$0.00,$9.07,0,9,-$9.07
62,0x920f4a78838c5a4ca37ef1464c1d006d57b46f87,$9.07,$0.00,$9.07,0,9,-$9.07
103,0x37ff50b0c5ad676e75f637afb5513f06a734d248,$8.44,$0.00,$8.44,0,8,-$8.44
131,0xbd9a36c784fe806432a780c4db0c229b84324182,$8.44,$0.00,$8.44,0,8,-$8.44
242,0x0af82129dac1b2cfd729f59e36e1b00e9613436e,$8.44,$0.00,$8.44,0,8,-$8.44
222,0xe2d560cc321a4e09e182693d45a3836ffd27a1bd,$8.38,$0.00,$8.38,0,8,-$8.38
56,0x1cf16588ce2a59b3a0b36b35a58ed75950ed2340,$8.31,$0.00,$8.31,0,8,-$8.31
216,0x1a6739f6d169f8cbe7407f02ed3b24471038838d,$8.17,$0.00,$8.17,0,8,-$8.17
45,0x4c8c0bec34bc5e77faff1c552b928807b30178cf,$11.91,$3.97,$7.94,0,8,-$7.94
296,0x076fa665af79b9f656f0ac37e153601f294f8a8c,$7.65,$0.00,$7.65,0,8,-$7.65
200,0x857bcdd0cc857875590c526245bf827d6dcc8947,$7.62,$0.00,$7.62,0,8,-$7.62
135,0x9ad5aa38079b09d3b9ffa80d8b2e9a0cc6cd3923,$11.78,$4.28,$7.50,0,8,-$7.50
152,0x36730b56b0820fff559b9138eb3428a176cf66b1,$7.48,$0.00,$7.48,0,7,-$7.48
187,0x55ab5fe38b4e0b88a0767ed0f979f2c448217f46,$7.48,$0.00,$7.48,0,7,-$7.48
208,0x5aa31b570e584193ea5e1a7ba37e62946f1f2850,$6.19,$0.00,$6.19,0,6,-$6.19
149,0x7ade4d0104261c6b1a70c22c2b0dc40c6e7ed551,$6.13,$0.00,$6.13,0,6,-$6.13
192,0xe3e14f6eb4cf34db27f528dace98bfcc9a9f8ae7,$6.13,$0.00,$6.13,0,6,-$6.13
214,0xab6a6d097388bf1f915ead74ce58f6ad344d6e12,$6.13,$0.00,$6.13,0,6,-$6.13
300,0x8b058897df45bdd7545956c42aaba75679de74c8,$6.13,$0.00,$6.13,0,6,-$6.13
295,0x6aee5ab43e6df64519b560a64c3dfc4aaeee13da,$6.09,$0.00,$6.09,0,6,-$6.09
2,0xef7342feed31ab32a7047d5819a6a51c59ed777d,$6.08,$0.00,$6.08,0,6,-$6.08
25,0x00fe94475832227c0e40d3c2a4599d24e53d3819,$6.08,$0.00,$6.08,0,6,-$6.08
38,0x2e54882c6d296c1ea9d85c8676b9cc4d9ae3a7d0,$6.08,$0.00,$6.08,0,6,-$6.08
78,0x7e59c7661b67e4373c20d2cc6c462cdcc0d42cb4,$6.08,$0.00,$6.08,0,6,-$6.08
140,0xfa89115481a0f8526bc931376a00184722f9a4c0,$6.08,$0.00,$6.08,0,6,-$6.08
186,0xcb06bd4c36953558b48985d6bfe5f7c3f886d80e,$6.08,$0.00,$6.08,0,6,-$6.08
262,0xd8d8de5f679e0d0b4cbe82f16e6a84bf5369b67e,$6.08,$0.00,$6.08,0,6,-$6.08
4,0x5de5f0b80705c7bfaeed5d331d0fe6c21ffe2b2c,$5.95,$0.00,$5.95,0,6,-$5.95
153,0x3f246d052a3f0490cce425665142dc137690714b,$5.95,$0.00,$5.95,0,6,-$5.95
161,0x6b9172396f0a56c29c2e8e79fe0f38af9acecdb7,$5.93,$0.00,$5.93,0,6,-$5.93
272,0x075aa9bb4b79d4021a34b278fd386e47838b8f28,$5.75,$0.00,$5.75,0,6,-$5.75
273,0x4e8e47ae3b1ef50c9d54a38e14208c1abd3603c2,$5.75,$0.00,$5.75,0,6,-$5.75
113,0x658478a7ac36c2017414aa65269337d98a611875,$5.74,$0.00,$5.74,0,6,-$5.74
117,0x32a44a0d796644840695dd4fd1cc37c56875984a,$5.74,$0.00,$5.74,0,6,-$5.74
176,0x04aab93d7d1f4e313b4704339a9f42cbd54406f1,$5.51,$0.00,$5.51,0,6,-$5.51
268,0x30e5ae56a83f4cc5c3003988a6d05b085914ada1,$5.51,$0.00,$5.51,0,6,-$5.51
258,0xb2afec1da55c15ad57b3310f9008c47f4e028de3,$5.09,$0.00,$5.09,0,5,-$5.09
40,0x5cc0e43086ef1b82cd7da0256f30b45924eda4b5,$5.02,$0.00,$5.02,0,5,-$5.02
22,0xf63bb6ba31be9860057aeb4f8a4b4e126b728acf,$5.01,$0.00,$5.01,0,5,-$5.01
293,0x98dfff21670605be6e56d7e6386a0e6ca6f92472,$4.91,$0.00,$4.91,0,5,-$4.91
185,0xe9f92a3abc4c0abbc308f75e3f42acc408042dd4,$4.88,$0.00,$4.88,0,5,-$4.88
254,0xe78462d5716a399e468777ebce32e466cbf43e15,$4.71,$0.00,$4.71,0,5,-$4.71
256,0xefef751bee6fd46df762d9aed389a6c73b8c796c,$4.71,$0.00,$4.71,0,5,-$4.71
292,0xed785c79176b55611187e160c3c19b4768833cc4,$4.71,$0.00,$4.71,0,5,-$4.71
8,0x65f6da05bb8b9c63b96a02f8a08962022a52478d,$4.43,$0.00,$4.43,0,4,-$4.43
27,0x08524f3953448943245c3a69bbca4256de6ad85a,$4.43,$0.00,$4.43,0,4,-$4.43
91,0x18a147a5803edf3b6321688978b9bd3fea9daa4a,$4.43,$0.00,$4.43,0,4,-$4.43
115,0xa23cf90bae40c2ae0ec7aca9317c44fbf8b0597d,$44.30,$39.87,$4.43,0,4,-$4.43
137,0x0fb0d7bbe80b8eec72cb836eacb13690780ab98d,$4.43,$0.00,$4.43,0,4,-$4.43
165,0x4f9616d20075943727deca4237f88d8002129e1a,$4.43,$0.00,$4.43,0,4,-$4.43
207,0xa4b3c6cecd4e5d65c0e0f7ca173076d41bfd4634,$4.43,$0.00,$4.43,0,4,-$4.43
47,0x3ba2a0489b291c457b134ce464af37917d7a705b,$4.37,$0.00,$4.37,0,4,-$4.37
112,0x0fdd00768f47d1d0969ac1ec4c4ad03e117ab091,$4.37,$0.00,$4.37,0,4,-$4.37
195,0xb3e3429824d31ba87edea73fac823a67f44c6015,$4.37,$0.00,$4.37,0,4,-$4.37
205,0x3a5625c02051f7d2af4573029b231bd0e926bdb9,$4.37,$0.00,$4.37,0,4,-$4.37
234,0x49b7bd36552d657565a23d5b0e9496b327a2e338,$4.37,$0.00,$4.37,0,4,-$4.37
142,0xc4ccddfbf1bbd449f9fe4b30aba354163b442a1e,$4.29,$0.00,$4.29,0,4,-$4.29
174,0xf2e767bea51b1a8fc4b6ced82ba4ab0de166ec2c,$4.29,$0.00,$4.29,0,4,-$4.29
290,0x87ccf5f3ffc82577560d8746c8fc29d858d8586b,$8.58,$4.29,$4.29,0,4,-$4.29
211,0x2d11763b4999fb3b61ca8d19c8c77a743079f7bd,$7.40,$3.38,$4.03,0,4,-$4.03
26,0x172ab98c21fcf4b729b4641994d49c5cd540f2e7,$3.97,$0.00,$3.97,0,4,-$3.97
123,0x9103b79a215949ad026fb60dcd51b119f7425b71,$3.97,$0.00,$3.97,0,4,-$3.97
248,0x3a400429118dcac9c3f3c9e44543508bcf494c35,$3.97,$0.00,$3.97,0,4,-$3.97
259,0x967a4bf5434b44d154c5b1d089ec73a30fd8b3c9,$7.94,$3.97,$3.97,0,4,-$3.97
143,0x991c5b56fffb2e45444b5fc5be9304ac9576849b,$3.96,$0.00,$3.96,0,4,-$3.96
320,0x22982da02f22d7f5f8eabda2143948600bb814f0,$3.66,$0.00,$3.66,0,4,-$3.66
289,0x5b19489c475178e68b7240563509a17ef7a77ebd,$3.65,$0.00,$3.65,0,4,-$3.65
5,0x6cf07de7de03c6a0c5fae20f46285988c345119a,$3.61,$0.00,$3.61,0,4,-$3.61
19,0x4e25bdf952a83ea9e47efac7b1a72913959e61f9,$3.61,$0.00,$3.61,0,4,-$3.61
219,0x725e6bdfb8acd866b9214c8e1c9197f8473d3a48,$3.61,$0.00,$3.61,0,4,-$3.61
133,0x8081ca5c81f4e8fb5017e0db5b9e8cdf406028cf,$3.19,$0.00,$3.19,0,3,-$3.19
179,0xe6964adf8fb88a1228b009575ece7cba5fe246e9,$3.19,$0.00,$3.19,0,3,-$3.19
119,0xd1ece712220eef6db22ca8ad1d1cd216470b9915,$2.79,$0.00,$2.79,0,3,-$2.79
105,0xa5d8d3fcfb9f78df135a0644b43e02b102e2f9f8,$2.57,$0.00,$2.57,0,3,-$2.57
263,0x64589e97f7b3ed412d89daf98839abb080416cf1,$2.57,$0.00,$2.57,0,3,-$2.57
285,0x033788f624801224657a62d62905662b77e54b8a,$2.57,$0.00,$2.57,0,3,-$2.57
33,0x02ba341de5ef7646862f39658b46dd4cb8695957,$2.55,$0.00,$2.55,0,3,-$2.55
178,0xbdc793552b29f9ef8b84b754da9253d489fd851f,$2.55,$0.00,$2.55,0,3,-$2.55
318,0x704819d2e44d6ed1da25bfce84c49fcca25613e5,$2.55,$0.00,$2.55,0,3,-$2.55
122,0x14fe35da76813c02d2ce9a068afb2b56bba6bafc,$2.52,$0.00,$2.52,0,3,-$2.52
36,0x00006314ee6ba5a9421e4aa6a47c6867a882bd92,$2.50,$0.00,$2.50,0,3,-$2.50
130,0x9ec6e8a04b86017599300acac8cf8c9fa73d002e,$2.50,$0.00,$2.50,0,3,-$2.50
48,0x7d6b9978def0be00165eab70945c919881f23575,$2.47,$0.00,$2.47,0,2,-$2.47
266,0x3ada18880f058a278d05a3f05c7ca60a491de7a4,$2.47,$0.00,$2.47,0,2,-$2.47
297,0x610821723ac6726cbcec2037c83743dfbdada663,$2.47,$0.00,$2.47,0,2,-$2.47
325,0xcb5db0811d196c246ff7a340d6f3f92a3925862f,$2.47,$0.00,$2.47,0,2,-$2.47
164,0x5de92686587b10cd47e03b71f2e2350606fcaf14,$2.44,$0.00,$2.44,0,2,-$2.44
203,0x42f1f0bfe6535b9851c719fb4f4fea37c16a55ff,$2.44,$0.00,$2.44,0,2,-$2.44
241,0x6650ad6fac22b60073e851428666c402f5a9fb8c,$2.44,$0.00,$2.44,0,2,-$2.44
280,0xf977dafe79132bde0ac2dc28c4adc31c754ab8ed,$2.21,$0.00,$2.21,0,2,-$2.21
319,0x7875839110acd222fe76fd5f3ab2f7bb07e80978,$2.16,$0.00,$2.16,0,2,-$2.16
121,0xf29477137e60fc847e6857c8ae55234e16555c5e,$2.02,$0.00,$2.02,0,2,-$2.02
154,0xde9a7ffd1e8fbdaea1e71466b82b09334816be60,$1.70,$0.00,$1.70,0,2,-$1.70
307,0x93292a5026dc7afae9a82169fea2aaa73878251b,$1.21,$0.00,$1.21,0,1,-$1.21
317,0xbc93528f85d2ad982083c4cc5e377ef77c36ee18,$1.20,$0.00,$1.20,0,1,-$1.20
197,0xd1592f85d837058ebe3cb2b172c78d1ea76ae3de,$1.00,$0.00,$1.00,0,1,-$1.00
1,0x253a78891f84310e78969b4751b4bcc1a11db63b,$0.99,$0.00,$0.99,0,1,-$0.99
294,0xc5f65f7ba2cb76dd76da3e7ba1122516eeba8f1b,$0.95,$0.00,$0.95,0,1,-$0.95
199,0x821399fba58ca66f15e4440d54392b355d592dcb,$0.92,$0.00,$0.92,0,1,-$0.92
249,0xd7bf4d5b179d3a08fa7b5d9eab6b9f0789a903d8,$0.92,$0.00,$0.92,0,1,-$0.92
84,0x3fa42f8e21421fa0736351cac91044491cd7bf09,$0.90,$0.00,$0.90,0,1,-$0.90
230,0x68d251213b820400ff83a7d07f89e054ad013314,$0.90,$0.00,$0.90,0,1,-$0.90
6,0x32be343b94f860124dc4fee278fdcbd38c102d88,$15.21,$15.21,$0.00,0,0,$0.00
20,0x08fe986e830cf4d30500fc0ceb8fe65eb7ee58b7,$0.00,$0.00,$0.00,0,0,$0.00
72,0x35b2e0d1314600c148b37721b3736bae897bc430,$0.23,$0.23,$0.00,0,0,$0.00
85,0x9c14c9b23a78726d0b17a02df49c8b884f57a3c4,$4.00,$4.00,$0.00,0,0,$0.00
94,0xd9b9fc23c8dd9986446695f7de37671db71c9dee,$2.99,$2.99,$0.00,0,0,$0.00
102,0xc469e0161968f12a38e4c1a1c153a18207e040c8,$0.00,$0.00,$0.00,0,0,$0.00
231,0x20560732becaba74966ab67c2ec241b34f7e4957,$0.96,$0.96,$0.00,0,0,$0.00
136,0xa0a0a0b103ba93526131d5f58f1b6b7e2c160a54,$2.60,$2.95,-$0.35,0,0,$0.35
160,0x00580e80c625fb7bab22eef03ddeb2e6f8657f6c,$1.25,$1.65,-$0.40,0,0,$0.40
109,0x33f36dffd23cf019833e1d59cbc7138824b12289,$1.30,$1.84,-$0.54,1,0,$0.54
279,0x63721e9f15514b888a0fc265582f9e25b39d6ca2,$16.90,$17.44,-$0.54,1,0,$0.54
127,0xff665f7d3ea1efcfd21de31ce00bc52c5cbe5575,$1.30,$1.97,-$0.67,1,0,$0.67
44,0x7af34bf553440a68ccce97024f568dcd1f9ea025,$1.33,$2.30,-$0.98,1,0,$0.98
120,0xaf078ae030266ad29c156ed6e57fee912f90745c,$1.32,$2.35,-$1.03,1,0,$1.03
138,0x94050f23a757023992ac79b7f72c069dc5a83784,$3.75,$4.91,-$1.16,1,0,$1.16
82,0xdd5958b3bbea3ef9921158e897f3480497783cf7,$1.32,$2.59,-$1.27,1,0,$1.27
224,0x9e0afd592b1e40bee26816e360f02eebf04ad74b,$1.32,$2.59,-$1.27,1,0,$1.27
274,0x1406854d149e081ac09cb4ca560da463f3123059,$1.32,$2.59,-$1.27,1,0,$1.27
303,0x957523c697993cb24fcf75efbce4f228325e7383,$1.32,$2.59,-$1.27,1,0,$1.27
308,0x5c1653cb464dbbe53972ccad9e6044c9a82b0242,$1.32,$2.59,-$1.27,1,0,$1.27
227,0x3f690585eac48266167c9e6271bd8feddc2d37d7,$0.96,$2.24,-$1.28,1,0,$1.28
41,0x71e3c9097edd8cf3b3136cdc2eb69ce2cec80f02,$1.07,$2.40,-$1.33,1,0,$1.33
156,0x9af084c559597c65417d817075c037a0cba22a29,$1.07,$2.43,-$1.36,1,0,$1.36
188,0xa7a4683429c057ec687fc4ddd515b08e52f22f40,$0.96,$2.43,-$1.47,1,0,$1.47
17,0x475351efe1d9cf36276ff2b7ae1d38bdb072e22c,$1.32,$2.89,-$1.57,2,0,$1.57
270,0x5d1d36555752b215cfdb6a92995f5bf0e16f5ea6,$1.32,$2.89,-$1.57,2,0,$1.57
217,0x3093f17adadeadafc2e2179275b49bf16dc53148,$0.96,$2.57,-$1.61,2,0,$1.61
257,0x1049cb6c4223942bb3ed14e47b27c7478449deb2,$1.07,$2.70,-$1.63,2,0,$1.63
286,0x687080413c44e120210a476bb3b6709d6dc259e1,$1.16,$2.84,-$1.68,2,0,$1.68
212,0x5d3a874079045c21592b3f4c69d1c466b0342b07,$0.96,$2.70,-$1.74,2,0,$1.74
139,0x0ae14271999b68a35eecb2da492486e354ef672e,$0.90,$2.73,-$1.83,2,0,$1.83
80,0x7c9265d1af3bd9bd4ec4f21228618d21b5faf261,$1.35,$3.58,-$2.22,2,0,$2.22
163,0x8e91155388c8f2d8b17d936146a9b3e762cbcd54,$4.02,$6.24,-$2.22,2,0,$2.22
243,0xe60d047a7f89348a473eb1b32c27a13cb459d776,$1.34,$3.56,-$2.22,2,0,$2.22
83,0x0d82cd113dc35ddda93f38166cd5cde8b88e36a1,$1.34,$3.62,-$2.28,2,0,$2.28
309,0x8394a052eb6c32fb9defcaabc12fcbd8fea0b8a8,$1.34,$3.62,-$2.28,2,0,$2.28
177,0xfa64c3746e45a916758bf5dda645afb0792d732b,$0.90,$3.24,-$2.34,2,0,$2.34
13,0xdf38ef57a5e4bd51433a32a108f5aff607587a34,$1.92,$4.97,-$3.05,3,0,$3.05
100,0x2b9357e3ff021c95b0f95b36e337c644a16f2441,$1.70,$4.86,-$3.16,3,0,$3.16
49,0xe1237d552429cc333ffd3038fc3ba3441d0b7dde,$2.68,$7.13,-$4.45,4,0,$4.45
198,0x4bd7c03a892edfa4db4d05ec0f2b547433a87686,$2.88,$7.53,-$4.65,5,0,$4.65
237,0x00e515e4b2709bc0cae8f4b4af146e2ac081a09c,$0.74,$6.59,-$5.85,6,0,$5.85
190,0x15de68788d01b2504df8621cb4721c54ed543305,$0.73,$6.59,-$5.86,6,0,$5.86
223,0xf99cc15bd9b807649dbfd074c8be4079add4b9f3,$0.69,$6.59,-$5.90,6,0,$5.90
306,0xf34c813a7168fb1c46a4284cf325b8b04348d939,$0.66,$6.59,-$5.93,6,0,$5.93
59,0x908cabed14f5632705f9d7bdb95d672b164446a8,$3.84,$9.77,-$5.93,6,0,$5.93
311,0x41542b0a28f978f7aff8b35b356a7e0b2f2bc638,$0.68,$6.86,-$6.18,6,0,$6.18
247,0x9b22a80d5c7b3374a05b446081f97d0a34079e7f,$1.74,$8.10,-$6.36,6,0,$6.36
210,0xc215124eadaa5d754bf4e9c1a7c57f27a1e7050b,$0.96,$9.75,-$8.79,9,0,$8.79
51,0xe62fcfbe69189c9fc537b5209d633b9e4973f2d1,$0.52,$10.72,-$10.20,10,0,$10.20
104,0x2c076d91b9ca5475cd168b018707eea87204baac,$4.41,$15.07,-$10.66,11,0,$10.66
159,0x1a18c54ee61cf22c46b505fae1e61b41c5646bed,$0.89,$11.58,-$10.69,11,0,$10.69
97,0xc15fa8e4cc8d1a33ec037c6613c579bdbbea975f,$0.87,$11.58,-$10.71,11,0,$10.71
220,0xcb6352217d1e03771e02a5b2fa7cafe22b0428b5,$0.87,$11.58,-$10.71,11,0,$10.71
60,0x28cf1915522f9744ef20294faebe6575e2fd5f38,$0.95,$11.80,-$10.85,11,0,$10.85
77,0x4b2e99813534a63b28578edbcb7e660f2ba78cde,$0.51,$11.96,-$11.45,11,0,$11.45
323,0x3ec8f6d8bce46da12c30e39a842aafccce96a54c,$0.51,$11.96,-$11.45,11,0,$11.45
92,0xf8b8de9241af1a69eca7b404ee988a6cdfdf98b8,$0.95,$12.72,-$11.77,12,0,$11.77
204,0xf06f8b6b2b976890a2bccee9e149583403eb4b09,$0.95,$12.72,-$11.77,12,0,$11.77
313,0xc35c282a22d804ac70ed8e0c9905cbacb58578e0,$0.95,$12.72,-$11.77,12,0,$11.77
194,0xab162b97ee4ffaea51b2b715e523b17b9129c415,$0.90,$12.72,-$11.82,12,0,$11.82
284,0x869e88783e4c2e97d967a89e1aca4523eeab3d7c,$1.80,$13.62,-$11.82,12,0,$11.82
35,0x5d8de7d832d6d5e105fced8422c01d94089c61e6,$0.89,$12.72,-$11.83,12,0,$11.83
32,0x62b0559efe3a073edfe78bbe7cb491a6c65f0806,$0.83,$12.72,-$11.89,12,0,$11.89
196,0x42f9f747e43938df2e5706973dbd70caf7f38a86,$0.83,$12.72,-$11.89,12,0,$11.89
221,0xcbd0ce2c723850d6a8da052353361340d10a8eda,$1.32,$13.74,-$12.42,12,0,$12.42
209,0x731f48fb82e3aa0085a39775fe6987f943b05362,$0.92,$14.04,-$13.12,13,0,$13.12
14,0xbdee88814d925fa25e70c8f06093033701dd1e45,$0.89,$14.01,-$13.12,13,0,$13.12
322,0xf1c8f28e145dd8d4d3b8fcc7e4edffb613d7b5bc,$0.89,$14.04,-$13.15,13,0,$13.15
215,0x1a79c7f4039c67a39d7513884cdc0e2c34222490,$26.56,$40.46,-$13.90,14,0,$13.90
10,0xfe2b0789b01186e45091011a8d60fcd1fd6a0bab,$0.90,$15.53,-$14.63,15,0,$14.63
305,0x3222ba3f3e79ea0e31467eee7639b57923558ccd,$0.90,$15.53,-$14.63,15,0,$14.63
291,0x4705e331214f54ee19677a920beb64e5206fd610,$0.92,$16.55,-$15.63,16,0,$15.63
157,0x9d981fb60db245a5628859f5d2e0bf45952a27cd,$0.95,$16.71,-$15.76,16,0,$15.76
301,0x85ddf94275c4c354316ec7b5a490d255a72a0119,$0.95,$16.71,-$15.76,16,0,$15.76
235,0x245133ea0fb1b77fab5886d7ffb8046dfeff3858,$2.85,$18.61,-$15.76,16,0,$15.76
170,0x761e715ff58cd11454eb72f060599390882fc4ce,$1.82,$17.61,-$15.79,16,0,$15.79
43,0xc47aaa860008be6f65b58c6c6e02a84e666efe31,$15.00,$30.93,-$15.93,16,0,$15.93
183,0x49d105b30180730b2ad1c3a47fb63aec4b17feec,$1.37,$17.44,-$16.07,16,0,$16.07
37,0xe6d76c4eca3073083280de448d1dbe6e020b7d4c,$1.21,$17.44,-$16.23,16,0,$16.23
16,0x74ebfd26d1aa642e1cca762031a9b506d62e2aa9,$0.97,$17.44,-$16.47,16,0,$16.47
110,0xee6df3f9380a78563aa3e8a16ad888ae872f83ad,$0.91,$17.44,-$16.53,17,0,$16.53
182,0xf4d673386bee36cb272fe4bd983728634e9f48c7,$1.87,$18.41,-$16.54,17,0,$16.54
11,0x4d8c233bc334fdd080372c0548d9474d04e9e52c,$0.90,$17.44,-$16.54,17,0,$16.54
12,0xfe1e1a37cc7271f1badb04be8aef819de7e612ce,$0.87,$17.44,-$16.57,17,0,$16.57
42,0xf5d14552b1dce0d6dc1f320da6ffc8a331cd6f0c,$1.80,$22.04,-$20.24,20,0,$20.24
54,0xd9278954d1b60ee7844d8e9630dd4234afbebe5a,$4.35,$25.87,-$21.52,22,0,$21.52
288,0x41240e0ce9f27fc93ab9f51881da12ac3b29c608,$9.55,$31.59,-$22.04,22,0,$22.04
108,0x9c072558df29d101d320e51e05d3d0e0bdf4036e,$1.68,$25.43,-$23.75,24,0,$23.75
141,0xb9bd59571a1ce763dee5da8de5cf4bc6335b67b2,$2.00,$25.81,-$23.81,24,0,$23.81
86,0x0c4f958b4668f9d6a3a1ca0b21378dd8e4657adc,$2.58,$27.30,-$24.72,25,0,$24.72
269,0x128d0fd0c33b12c206c5856c75c85ddabc4126fc,$2.58,$29.38,-$26.80,27,0,$26.80
58,0xf3731a397d198a526ef77bd99906873936f05ab8,$2.55,$29.94,-$27.39,27,0,$27.39
326,0x467d3b01ca6c94a9a6053c437c9e5310a63589a5,$2.10,$29.75,-$27.65,28,0,$27.65
328,0xdb6cc5a041dcb545858fead690b11fd6ce6a00d4,$2.58,$30.51,-$27.93,28,0,$27.93
71,0x549c41c693c0909624dffbd9d37c46712116baba,$2.55,$30.86,-$28.31,28,0,$28.31
324,0xd6cbc00b3ecff6e48a1106feaf62f77c4f52e465,$1.72,$30.59,-$28.87,29,0,$28.87
218,0x0519fb77c25bdadbe77d356405a1a0dee171bd62,$1.80,$32.13,-$30.33,30,0,$30.33
250,0x5004387d1be4c5bb798f3b023948fd0e97ed14d4,$4.68,$35.27,-$30.59,31,0,$30.59
53,0x27f04376aa58841f8bcdb1f0e47e562193779dc6,$2.55,$33.24,-$30.69,31,0,$30.69
232,0x6c351efec3240a5cc0b7deec1eb82a178a8ab0eb,$5.59,$36.64,-$31.05,31,0,$31.05
124,0x6ba84c79f5006a8e966ddb171246ff58bcdca3cb,$2.55,$39.37,-$36.82,37,0,$36.82
162,0x5804bacd8dec367de4137ffad580997311841369,$2.70,$50.95,-$48.25,48,0,$48.25
101,0x756c55cbfa47fd23c0260f958e65866e64c096cb,$2.69,$52.33,-$49.64,50,0,$49.64
225,0x6e4f1dd8edb448d8f0f2829eb817b81acee45152,$2.69,$52.33,-$49.64,50,0,$49.64
116,0x2910543af39aba0cd09dbb2d50200b3e800a63d2,$24.85,$120.08,-$95.23,95,0,$95.23
201,0xabfb6556c844623fe77b1edd91f1d06b5a2ee1fe,$10.97,$140.67,-$129.70,130,0,$129.70
126,0x47d252a6892bee82bf015e842f17b7cfb032b9e8,$10.00,$160.76,-$150.76,151,0,$150.76
70,0xc6dc95dd9a5ab80edacffee393da85b9d4f20176,$29.58,$361.85,-$332.27,332,0,$332.27
18,0x8fcb39dc03803d0e2b439f36bf51bed10c0a0251,$0.00,"$1,242.14","-$1,242.14",1242,0,"$1,242.14"